{
  "total_explained_variance": 0.21233574990432239,
  "individual_explained_variance": [
    0.021343725961653827,
    0.01318964259538451,
    0.010683304247562364,
    0.008134502183877505,
    0.007619118626902809,
    0.007217311221580116,
    0.006396909390829693,
    0.006239749307152304,
    0.005807281229961365,
    0.005617201596429716,
    0.005154916775723661,
    0.004992885493071714,
    0.004739269592901389,
    0.004602723793458406,
    0.004313812885963607,
    0.004094899330142548,
    0.003987989664707372,
    0.003934270165596701,
    0.0038069966355274367,
    0.0035879205904041306,
    0.003465290446450706,
    0.0033778251662746027,
    0.0033700157905453072,
    0.00333154756183976,
    0.0031609148009447605,
    0.0030306517481060546,
    0.00297788055488818,
    0.0029175774430338372,
    0.0028323070844617233,
    0.00277188698066027,
    0.002656374283287003,
    0.0026412330531401323,
    0.002620164015538673,
    0.002593230084428025,
    0.0025349560760591873,
    0.0024507914938874083,
    0.002402603942226512,
    0.0023396273486584592,
    0.002305295528295194,
    0.002288350205916616,
    0.0022404913311202417,
    0.0021738469691523128,
    0.0021319050210911175,
    0.0021190417986428726,
    0.0020863168569314524,
    0.002078211863773653,
    0.0020638028897894682,
    0.0020236227023640247,
    0.0019514905906063975,
    0.0019340649833772454
  ],
  "n_components": 50,
  "original_features": 5000
}